accuracy,sensitivity,specificity,ppv,npv,f1_score,auc,hosmer_lemeshow_p_value,spiegelhalter_z_p_value
0.9367311072056239,0.9439775910364145,0.9245283018867925,0.9546742209631728,0.9074074074074074,0.9492957746478874,0.9831140003171079,0.012377686027473356,0.0009030468316211238
