{
    "breast_cancer_dataset_vs_breast_cancer_dataset_retest_simulated": {
        "compactness error": {
            "ICC2": {
                "value": 0.9403620326397929,
                "metric_type": "ICC2",
                "ci95": [
                    0.9,
                    0.97
                ],
                "p_value": 6.801910431461383e-25,
                "additional_info": {
                    "F": 32.53568353395093,
                    "df1": 49,
                    "df2": 49
                }
            },
            "ICC3": {
                "value": 0.9403620326397929,
                "metric_type": "ICC3",
                "ci95": [
                    0.9,
                    0.97
                ],
                "p_value": 6.801910431461383e-25,
                "additional_info": {
                    "F": 32.53568353395093,
                    "df1": 49,
                    "df2": 49
                }
            },
            "cohen": {
                "error": "continuous is not supported"
            },
            "FleissKappa": {
                "value": 0.9795793342862977,
                "metric_type": "FleissKappa",
                "ci95": [
                    0.9402075833412356,
                    1.01895108523136
                ],
                "p_value": 0.0,
                "additional_info": {
                    "z_value": 48.765306320265154,
                    "se": 0.02008762803319496
                }
            },
            "KrippendorffAlpha_interval": {
                "value": 0.9397901227146511,
                "metric_type": "KrippendorffAlpha_interval"
            }
        },
        "concave points error": {
            "ICC2": {
                "value": 1.0000000000000004,
                "metric_type": "ICC2",
                "ci95": [
                    1.0,
                    1.0
                ],
                "p_value": 1.0,
                "additional_info": {
                    "F": -8208750996317516.0,
                    "df1": 49,
                    "df2": 49
                }
            },
            "ICC3": {
                "value": 1.0000000000000004,
                "metric_type": "ICC3",
                "ci95": [
                    1.0,
                    1.0
                ],
                "p_value": 1.0,
                "additional_info": {
                    "F": -8208750996317516.0,
                    "df1": 49,
                    "df2": 49
                }
            },
            "cohen": {
                "error": "continuous is not supported"
            },
            "FleissKappa": {
                "value": 1.0,
                "metric_type": "FleissKappa",
                "ci95": [
                    0.9611939798484823,
                    1.0388060201515177
                ],
                "p_value": 0.0,
                "additional_info": {
                    "z_value": 50.50762722761053,
                    "se": 0.019798989873223333
                }
            },
            "KrippendorffAlpha_interval": {
                "value": 1.0,
                "metric_type": "KrippendorffAlpha_interval"
            }
        },
        "concavity error": {
            "ICC2": {
                "value": 1.0,
                "metric_type": "ICC2",
                "ci95": [
                    null,
                    null
                ],
                "p_value": 0.0,
                "additional_info": {
                    "F": Infinity,
                    "df1": 49,
                    "df2": 49
                }
            },
            "ICC3": {
                "value": 1.0,
                "metric_type": "ICC3",
                "ci95": [
                    null,
                    null
                ],
                "p_value": 0.0,
                "additional_info": {
                    "F": Infinity,
                    "df1": 49,
                    "df2": 49
                }
            },
            "cohen": {
                "error": "continuous is not supported"
            },
            "FleissKappa": {
                "value": 1.0,
                "metric_type": "FleissKappa",
                "ci95": [
                    0.9611939798484823,
                    1.0388060201515177
                ],
                "p_value": 0.0,
                "additional_info": {
                    "z_value": 50.50762722761053,
                    "se": 0.019798989873223333
                }
            },
            "KrippendorffAlpha_interval": {
                "value": 1.0,
                "metric_type": "KrippendorffAlpha_interval"
            }
        },
        "fractal dimension error": {
            "ICC2": {
                "value": 0.9999999999999997,
                "metric_type": "ICC2",
                "ci95": [
                    1.0,
                    1.0
                ],
                "p_value": 0.0,
                "additional_info": {
                    "F": 4804016031124155.0,
                    "df1": 49,
                    "df2": 49
                }
            },
            "ICC3": {
                "value": 0.9999999999999997,
                "metric_type": "ICC3",
                "ci95": [
                    1.0,
                    1.0
                ],
                "p_value": 0.0,
                "additional_info": {
                    "F": 4804016031124155.0,
                    "df1": 49,
                    "df2": 49
                }
            },
            "cohen": {
                "error": "continuous is not supported"
            },
            "FleissKappa": {
                "value": 1.0,
                "metric_type": "FleissKappa",
                "ci95": [
                    0.9611939798484823,
                    1.0388060201515177
                ],
                "p_value": 0.0,
                "additional_info": {
                    "z_value": 50.50762722761053,
                    "se": 0.019798989873223333
                }
            },
            "KrippendorffAlpha_interval": {
                "value": 1.0,
                "metric_type": "KrippendorffAlpha_interval"
            }
        },
        "label": {
            "ICC2": {
                "value": 1.0000000000000007,
                "metric_type": "ICC2",
                "ci95": [
                    1.0,
                    1.0
                ],
                "p_value": 1.0,
                "additional_info": {
                    "F": -3388958719596298.0,
                    "df1": 49,
                    "df2": 49
                }
            },
            "ICC3": {
                "value": 1.0000000000000007,
                "metric_type": "ICC3",
                "ci95": [
                    1.0,
                    1.0
                ],
                "p_value": 1.0,
                "additional_info": {
                    "F": -3388958719596298.0,
                    "df1": 49,
                    "df2": 49
                }
            },
            "CohenKappa": {
                "value": 1.0,
                "metric_type": "CohenKappa"
            },
            "FleissKappa": {
                "value": 1.0,
                "metric_type": "FleissKappa",
                "ci95": [
                    0.8814838840514928,
                    1.1185161159485073
                ],
                "p_value": 0.0,
                "additional_info": {
                    "z_value": 16.537835249778006,
                    "se": 0.06046740609617715
                }
            },
            "KrippendorffAlpha_interval": {
                "value": 1.0,
                "metric_type": "KrippendorffAlpha_interval"
            }
        },
        "symmetry error": {
            "ICC2": {
                "value": 1.0000000000000002,
                "metric_type": "ICC2",
                "ci95": [
                    1.0,
                    1.0
                ],