,(Intercept),`compactness error`,`concavity error`,`concave points error`,`worst texture`,`worst area`,`worst smoothness`,`worst concavity`,`worst concave points`,`worst fractal dimension`
OR,0.029893530750373737,13.962796791854336,18.73907216199612,0.006858449173694044,0.11306061726266128,4.072999536607419e-06,0.34010134986782864,0.028238632429313085,10.418336663232392,0.10846130611219604
X2.5..CI,0.0016229678632689625,1.2183163055780706,2.0073177888737037,0.00019487408983186587,0.023611504244415972,1.006413411082753e-09,0.0669224869620512,0.0002833623083325313,0.5064013525391907,0.004806159637552269
X97.5..CI,0.2130218114945661,160.08401131409784,6287.663235155053,0.09398165795006347,0.3339080733715752,0.0007879356510877563,1.3991776514960461,0.7914543133473787,360.54409659503807,1.487546525315392
p_value,0.004471685375902705,0.029574685818700118,0.20812018981737992,0.0009919391432540246,0.000829368355430605,0.00026451372545556034,0.15449567459436936,0.07469264195520327,0.1430733116526561,0.11739515881241351
