{
    "train": {
        "radiomics": {
            "basic_metrics": {
                "accuracy": 0.9333333333333333,
                "sensitivity": 0.9545454545454546,
                "specificity": 0.910958904109589,
                "ppv": 0.91875,
                "npv": 0.95,
                "f1_score": 0.9363057324840764,
                "auc": 0.9820761430350471,
                "hosmer_lemeshow_p_value": 0.6752996204006108,
                "spiegelhalter_z_p_value": 0.9999890259990412
            }
        },
        "clinical": {
            "basic_metrics": {
                "accuracy": 0.9266666666666666,
                "sensitivity": 0.9415584415584416,
                "specificity": 0.910958904109589,
                "ppv": 0.9177215189873418,
                "npv": 0.9366197183098591,
                "f1_score": 0.9294871794871796,
                "auc": 0.9782067247820672,
                "hosmer_lemeshow_p_value": 0.7752028532624939,
                "spiegelhalter_z_p_value": 0.9999897397899618
            }
        }
    },
    "test": {
        "radiomics": {
            "basic_metrics": {
                "accuracy": 0.9274193548387096,
                "sensitivity": 0.9095744680851063,
                "specificity": 0.9833333333333333,
                "ppv": 0.9941860465116279,
                "npv": 0.7763157894736842,
                "f1_score": 0.95,
                "auc": 0.9898936170212767,
                "hosmer_lemeshow_p_value": 3.1675068523306926e-05,
                "spiegelhalter_z_p_value": 5.9399360985423755e-09
            }
        },
        "clinical": {
            "basic_metrics": {
                "accuracy": 0.9395161290322581,
                "sensitivity": 0.9361702127659575,
                "specificity": 0.95,
                "ppv": 0.9832402234636871,
                "npv": 0.8260869565217391,
                "f1_score": 0.9591280653950954,
                "auc": 0.9934397163120567,
                "hosmer_lemeshow_p_value": 0.00048479026143932735,
                "spiegelhalter_z_p_value": 3.452297048234243e-07
            }
        }
    },
    "externaltest": {
        "radiomics": {
            "basic_metrics": {
                "accuracy": 0.8571428571428571,
                "sensitivity": 0.8,
                "specificity": 1.0,
                "ppv": 1.0,
                "npv": 0.6666666666666666,
                "f1_score": 0.888888888888889,
                "auc": 1.0,
                "hosmer_lemeshow_p_value": 0.652900724569484,
                "spiegelhalter_z_p_value": 0.01674125205450494
            }
        },
        "clinical": {
            "basic_metrics": {
                "accuracy": 1.0,
                "sensitivity": 1.0,
                "specificity": 1.0,
                "ppv": 1.0,
                "npv": 1.0,
                "f1_score": 1.0,
                "auc": 1.0,
                "hosmer_lemeshow_p_value": 0.999929355286923,
                "spiegelhalter_z_p_value": 0.6107439593679347
            }
        }
    }
}