{
    "train": {
        "radiomics": {
            "youden_metrics": {
                "threshold": 0.5221865466407605,
                "youden_index": 0.8792029887920298,
                "metrics": {
                    "accuracy": 0.94,
                    "sensitivity": 0.9545454545454546,
                    "specificity": 0.9246575342465754,
                    "ppv": 0.930379746835443,
                    "npv": 0.9507042253521126,
                    "f1_score": 0.9423076923076923,
                    "auc": 0.9836772816224871,
                    "hosmer_lemeshow_p_value": 0.6829087943259259,
                    "spiegelhalter_z_p_value": 0.9072101589716026
                }
            },
            "thresholds": {
                "youden": 0.5221865466407605,
                "target": 0.6296106038532208
            },
            "target_metrics": {
                "thresholds": {
                    "sensitivity": 0.6296106038532208,
                    "specificity": 0.50580839249458
                },
                "metrics_at_thresholds": {
                    "sensitivity": {
                        "accuracy": 0.93,
                        "sensitivity": 0.922077922077922,
                        "specificity": 0.9383561643835616,
                        "ppv": 0.9403973509933775,
                        "npv": 0.9194630872483222,
                        "f1_score": 0.9311475409836065,
                        "auc": 0.9836772816224871,
                        "hosmer_lemeshow_p_value": 0.6829087943259259,
                        "spiegelhalter_z_p_value": 0.9072101589716026
                    },
                    "specificity": {
                        "accuracy": 0.94,
                        "sensitivity": 0.961038961038961,
                        "specificity": 0.9178082191780822,
                        "ppv": 0.925,
                        "npv": 0.9571428571428572,
                        "f1_score": 0.9426751592356688,
                        "auc": 0.9836772816224871,
                        "hosmer_lemeshow_p_value": 0.6829087943259259,
                        "spiegelhalter_z_p_value": 0.9072101589716026
                    }
                },
                "combined_results": {
                    "sensitivity & specificity": {
                        "0.6296106038532208": {
                            "accuracy": 0.93,
                            "sensitivity": 0.922077922077922,
                            "specificity": 0.9383561643835616,
                            "ppv": 0.9403973509933775,
                            "npv": 0.9194630872483222,
                            "f1_score": 0.9311475409836065,
                            "auc": 0.9836772816224871,
                            "hosmer_lemeshow_p_value": 0.6829087943259259,
                            "spiegelhalter_z_p_value": 0.9072101589716026
                        },
                        "0.62733563466261": {
                            "accuracy": 0.9266666666666666,
                            "sensitivity": 0.922077922077922,
                            "specificity": 0.9315068493150684,
                            "ppv": 0.9342105263157895,
                            "npv": 0.918918918918919,
                            "f1_score": 0.9281045751633986,
                            "auc": 0.9836772816224871,
                            "hosmer_lemeshow_p_value": 0.6829087943259259,
                            "spiegelhalter_z_p_value": 0.9072101589716026
                        },
                        "0.543135109267876": {
                            "accuracy": 0.9366666666666666,
                            "sensitivity": 0.9415584415584416,
                            "specificity": 0.9315068493150684,
                            "ppv": 0.9354838709677419,
                            "npv": 0.9379310344827586,
                            "f1_score": 0.9385113268608415,
                            "auc": 0.9836772816224871,
                            "hosmer_lemeshow_p_value": 0.6829087943259259,
                            "spiegelhalter_z_p_value": 0.9072101589716026
                        },
                        "0.5402220089248311": {
                            "accuracy": 0.9333333333333333,
                            "sensitivity": 0.9415584415584416,
                            "specificity": 0.9246575342465754,
                            "ppv": 0.9294871794871795,
                            "npv": 0.9375,
                            "f1_score": 0.9354838709677419,
                            "auc": 0.9836772816224871,
                            "hosmer_lemeshow_p_value": 0.6829087943259259,
                            "spiegelhalter_z_p_value": 0.9072101589716026
                        },
                        "0.5221865466407605": {
                            "accuracy": 0.94,
                            "sensitivity": 0.9545454545454546,
                            "specificity": 0.9246575342465754,
                            "ppv": 0.930379746835443,
                            "npv": 0.9507042253521126,
                            "f1_score": 0.9423076923076923,
                            "auc": 0.9836772816224871,
                            "hosmer_lemeshow_p_value": 0.6829087943259259,
                            "spiegelhalter_z_p_value": 0.9072101589716026
                        },
                        "0.5079818302055437": {
                            "accuracy": 0.9366666666666666,
                            "sensitivity": 0.9545454545454546,
                            "specificity": 0.9178082191780822,
                            "ppv": 0.9245283018867925,
                            "npv": 0.950354609929078,
                            "f1_score": 0.939297124600639,
                            "auc": 0.9836772816224871,
                            "hosmer_lemeshow_p_value": 0.6829087943259259,
                            "spiegelhalter_z_p_value": 0.9072101589716026
                        },
                        "0.50580839249458": {
                            "accuracy": 0.94,
                            "sensitivity": 0.961038961038961,
                            "specificity": 0.9178082191780822,
                            "ppv": 0.925,
                            "npv": 0.9571428571428572,
                            "f1_score": 0.9426751592356688,
                            "auc": 0.9836772816224871,
                            "hosmer_lemeshow_p_value": 0.6829087943259259,
                            "spiegelhalter_z_p_value": 0.9072101589716026
                        }
                    }
                }
            },
            "basic_metrics": {
                "accuracy": 0.9366666666666666,
                "sensitivity": 0.961038961038961,
                "specificity": 0.910958904109589,
                "ppv": 0.9192546583850931,
                "npv": 0.9568345323741008,
                "f1_score": 0.9396825396825396,
                "auc": 0.9836772816224871,
                "hosmer_lemeshow_p_value": 0.6829087943259259,
                "spiegelhalter_z_p_value": 0.9072101589716026
            }
        },
        "clinical": {
            "youden_metrics": {
                "threshold": 0.530909962520542,
                "youden_index": 0.860078277886497,
                "metrics": {
                    "accuracy": 0.93,
                    "sensitivity": 0.9285714285714286,
                    "specificity": 0.9315068493150684,
                    "ppv": 0.934640522875817,
                    "npv": 0.9251700680272109,
                    "f1_score": 0.9315960912052117,
                    "auc": 0.9782067247820672,
                    "hosmer_lemeshow_p_value": 0.7633871818701906,
                    "spiegelhalter_z_p_value": 0.8992192565265436
                }
            },
            "thresholds": {
                "youden": 0.530909962520542,